{
    "accuracy": 53.57142857142857,
    "precision": 0.45454545454545453,
    "recall": 0.4166666666666667,
    "f1_score": 0.43478260869565216,
    "confusion_matrix": [
        [
            10,
            6
        ],
        [
            7,
            5
        ]
    ]
}