{
    "accuracy": 64.28571428571429,
    "precision": 0.5714285714285714,
    "recall": 0.6666666666666666,
    "f1_score": 0.6153846153846154,
    "confusion_matrix": [
        [
            10,
            6
        ],
        [
            4,
            8
        ]
    ]
}